<keymap version="1" name="Default copy" parent="$default">
  <action id="$Redo">
    <keyboard-shortcut first-keystroke="shift ctrl z" />
    <keyboard-shortcut first-keystroke="shift alt back_space" />
    <keyboard-shortcut first-keystroke="ctrl y" />
  </action>
  <action id="AutoIndentLines" />
  <action id="Back">
    <keyboard-shortcut first-keystroke="ctrl alt left" />
    <mouse-shortcut keystroke="button4" />
    <keyboard-shortcut first-keystroke="shift ctrl f2" />
    <keyboard-shortcut first-keystroke="f4" />
  </action>
  <action id="CallHierarchy" />
  <action id="ChangesView.ShelveSilently" />
  <action id="CheckinProject" />
  <action id="CloseActiveTab" />
  <action id="CloseContent">
    <keyboard-shortcut first-keystroke="ctrl f4" />
    <keyboard-shortcut first-keystroke="ctrl w" />
  </action>
  <action id="CompareTwoFiles" />
  <action id="Console.Jdbc.Execute.2">
    <keyboard-shortcut first-keystroke="shift ctrl alt enter" />
  </action>
  <action id="Console.Jdbc.ToggleParameters">
    <keyboard-shortcut first-keystroke="ctrl i" />
  </action>
  <action id="Console.TableResult.ColumnVisibility" />
  <action id="Console.TableResult.CompareCells" />
  <action id="Console.TableResult.EditValue">
    <keyboard-shortcut first-keystroke="enter" />
    <keyboard-shortcut first-keystroke="alt enter" />
  </action>
  <action id="Console.TableResult.NavigateAction" />
  <action id="Console.TableResult.SetDefault" />
  <action id="Console.Transaction.Commit" />
  <action id="ConvertIndentsToSpaces">
    <keyboard-shortcut first-keystroke="shift ctrl s" />
  </action>
  <action id="CopyElement" />
  <action id="DatabaseView.CopyAction" />
  <action id="Debug" />
  <action id="Debugger.AddToWatch">
    <mouse-shortcut keystroke="control button2" />
  </action>
  <action id="Debugger.EditTypeSource" />
  <action id="Debugger.Tree.AddToWatches">
    <mouse-shortcut keystroke="control button2" />
  </action>
  <action id="Diff.ShowDiff" />
  <action id="Diff.ShowSettingsPopup" />
  <action id="DirDiffMenu.SynchronizeDiff.All" />
  <action id="DomCollectionControl.Edit" />
  <action id="DomElementsTreeView.GotoDomElementDeclarationAction" />
  <action id="EditBreakpoint" />
  <action id="EditSource" />
  <action id="EditSourceInNewWindow" />
  <action id="Editor Redo">
    <keyboard-shortcut first-keystroke="ctrl y" />
  </action>
  <action id="EditorAddOrRemoveCaret" />
  <action id="EditorDeleteLine">
    <keyboard-shortcut first-keystroke="ctrl l" />
  </action>
  <action id="EditorSelectWord" />
  <action id="EditorSplitLine" />
  <action id="EvaluateExpression">
    <keyboard-shortcut first-keystroke="shift f9" />
  </action>
  <action id="FileChooser.GotoDesktop" />
  <action id="FindNext">
    <keyboard-shortcut first-keystroke="f3" />
  </action>
  <action id="ForceRunToCursor" />
  <action id="ForceStepInto" />
  <action id="Forward">
    <keyboard-shortcut first-keystroke="ctrl alt right" />
    <mouse-shortcut keystroke="button5" />
    <keyboard-shortcut first-keystroke="ctrl alt f2" />
    <keyboard-shortcut first-keystroke="shift f4" />
  </action>
  <action id="GotoImplementation">
    <keyboard-shortcut first-keystroke="shift ctrl b" />
  </action>
  <action id="GotoNextBookmark">
    <keyboard-shortcut first-keystroke="shift ctrl f11" />
  </action>
  <action id="GotoNextError" />
  <action id="GotoTypeDeclaration">
    <mouse-shortcut keystroke="shift control button1" />
  </action>
  <action id="ImplementMethods" />
  <action id="IntroduceField" />
  <action id="Jdbc.OpenTableEditor" />
  <action id="JumpToLastChange">
    <keyboard-shortcut first-keystroke="alt left" />
  </action>
  <action id="JumpToNextChange">
    <keyboard-shortcut first-keystroke="alt right" />
  </action>
  <action id="MethodHierarchy" />
  <action id="NextTab" />
  <action id="OpenFile">
    <keyboard-shortcut first-keystroke="ctrl o" />
  </action>
  <action id="OverrideMethods" />
  <action id="ParameterInfo">
    <keyboard-shortcut first-keystroke="ctrl i" />
  </action>
  <action id="PreviousEditorTab" />
  <action id="PreviousTab" />
  <action id="QuickEvaluateExpression">
    <keyboard-shortcut first-keystroke="shift ctrl f9" />
    <mouse-shortcut keystroke="control button3" />
  </action>
  <action id="ReformatCode">
    <keyboard-shortcut first-keystroke="shift ctrl d" />
  </action>
  <action id="RemoteHostView.EditSource" />
  <action id="RenameElement">
    <keyboard-shortcut first-keystroke="f2" />
  </action>
  <action id="Replace">
    <keyboard-shortcut first-keystroke="ctrl h" />
  </action>
  <action id="ReplaceInPath">
    <keyboard-shortcut first-keystroke="shift ctrl h" />
  </action>
  <action id="Resume">
    <keyboard-shortcut first-keystroke="f5" />
  </action>
  <action id="Run" />
  <action id="RunDashboard.CopyConfiguration">
    <keyboard-shortcut first-keystroke="ctrl alt d" />
  </action>
  <action id="RunToCursor" />
  <action id="SavaAs" />
  <action id="SearchEverywhere">
    <keyboard-shortcut first-keystroke="ctrl alt f" />
  </action>
  <action id="SendEOF" />
  <action id="ShelvedChanges.Diff" />
  <action id="SmartStepInto" />
  <action id="StepInto">
    <keyboard-shortcut first-keystroke="f7" />
    <keyboard-shortcut first-keystroke="f9" />
    <keyboard-shortcut first-keystroke="f11" />
  </action>
  <action id="StepOut">
    <keyboard-shortcut first-keystroke="shift ctrl f8" />
  </action>
  <action id="StepOver">
    <keyboard-shortcut first-keystroke="f8" />
    <keyboard-shortcut first-keystroke="shift f8" />
    <keyboard-shortcut first-keystroke="f10" />
    <keyboard-shortcut first-keystroke="shift f10" />
  </action>
  <action id="StopBackgroundProcesses" />
  <action id="Switch To Last Tab">
    <keyboard-shortcut first-keystroke="alt period" />
  </action>
  <action id="Switch To Tab #1">
    <keyboard-shortcut first-keystroke="alt 1" />
  </action>
  <action id="Switch To Tab #10">
    <keyboard-shortcut first-keystroke="alt 0" />
  </action>
  <action id="Switch To Tab #2">
    <keyboard-shortcut first-keystroke="alt 2" />
  </action>
  <action id="Switch To Tab #3">
    <keyboard-shortcut first-keystroke="alt 3" />
  </action>
  <action id="Switch To Tab #4">
    <keyboard-shortcut first-keystroke="alt 4" />
  </action>
  <action id="Switch To Tab #5">
    <keyboard-shortcut first-keystroke="alt 5" />
  </action>
  <action id="Switch To Tab #6">
    <keyboard-shortcut first-keystroke="alt 6" />
  </action>
  <action id="Switch To Tab #7">
    <keyboard-shortcut first-keystroke="alt 7" />
  </action>
  <action id="Switch To Tab #8">
    <keyboard-shortcut first-keystroke="alt 8" />
  </action>
  <action id="Switch To Tab #9">
    <keyboard-shortcut first-keystroke="alt 9" />
  </action>
  <action id="SwitchApply">
    <keyboard-shortcut first-keystroke="shift alt enter" />
  </action>
  <action id="SwitchDown">
    <keyboard-shortcut first-keystroke="shift alt down" />
  </action>
  <action id="SwitchRight">
    <keyboard-shortcut first-keystroke="shift alt right" />
  </action>
  <action id="SwitchUp">
    <keyboard-shortcut first-keystroke="shift alt up" />
  </action>
  <action id="ToggleBookmark">
    <keyboard-shortcut first-keystroke="ctrl f11" />
  </action>
  <action id="ToggleBookmarkWithMnemonic" />
  <action id="ToggleCompletionHintsAction">
    <keyboard-shortcut first-keystroke="ctrl alt i" />
  </action>
  <action id="ToggleInlineHintsAction">
    <keyboard-shortcut first-keystroke="ctrl alt h" />
  </action>
  <action id="TypeHierarchy" />
  <action id="UML.ApplyCurrentLayout" />
  <action id="Uml.ShowDiff" />
  <action id="ViewBreakpoints" />
  <action id="ViewSource" />
  <action id="openAssertEqualsDiff" />
</keymap>