<code_scheme name="Default" version="173">
  <DBN-PSQL>
    <case-options enabled="false">
      <option name="KEYWORD_CASE" value="lower" />
      <option name="FUNCTION_CASE" value="lower" />
      <option name="PARAMETER_CASE" value="lower" />
      <option name="DATATYPE_CASE" value="lower" />
      <option name="OBJECT_CASE" value="preserve" />
    </case-options>
    <formatting-settings enabled="false" />
  </DBN-PSQL>
  <DBN-SQL>
    <case-options enabled="false">
      <option name="KEYWORD_CASE" value="lower" />
      <option name="FUNCTION_CASE" value="lower" />
      <option name="PARAMETER_CASE" value="lower" />
      <option name="DATATYPE_CASE" value="lower" />
      <option name="OBJECT_CASE" value="preserve" />
    </case-options>
    <formatting-settings enabled="false">
      <option name="STATEMENT_SPACING" value="one_line" />
      <option name="CLAUSE_CHOP_DOWN" value="chop_down_if_statement_long" />
      <option name="ITERATION_ELEMENTS_WRAPPING" value="chop_down_if_not_single" />
    </formatting-settings>
  </DBN-SQL>
  <MarkdownNavigatorCodeStyleSettings>
    <option name="RIGHT_MARGIN" value="72" />
  </MarkdownNavigatorCodeStyleSettings>
  <SqlCodeStyleSettings version="2">
    <option name="ALIAS_CASE" value="4" />
    <option name="TYPE_CASE" value="3" />
    <option name="IDENTIFIER_CASE" value="1" />
    <option name="QUOTED_IDENTIFIER_CASE" value="0" />
    <option name="QUERY_EL_LINE" value="101" />
    <option name="QUERY_TRUE_INDENT" value="false" />
    <option name="QUERY_ALIGN_ELEMENTS" value="false" />
    <option name="QUERY_ALIGN_LINE_COMMENTS" value="false" />
    <option name="INSERT_EL_COMMA" value="2" />
    <option name="SET_EL_WRAP" value="0" />
    <option name="SET_EL_COMMA" value="0" />
    <option name="WITH_EL_WRAP" value="0" />
    <option name="WITH_EL_COMMA" value="0" />
    <option name="SELECT_EL_COMMA" value="2" />
    <option name="SELECT_KEEP_N_ITEMS_IN_LINE" value="0" />
    <option name="SELECT_ALIGN_AS" value="false" />
    <option name="FROM_EL_COMMA" value="2" />
    <option name="FROM_INDENT_JOIN" value="false" />
    <option name="FROM_PLACE_ON" value="10" />
    <option name="WHERE_EL_BOUND" value="2" />
    <option name="ORDER_EL_WRAP" value="1" />
    <option name="ORDER_EL_COMMA" value="2" />
    <option name="TABLE_OPENING" value="1" />
    <option name="TABLE_CONTENT" value="2" />
    <option name="TABLE_CLOSING" value="3" />
    <option name="TABLE_ALTER_INSTRUCTION_ALIGN" value="false" />
    <option name="POST_OPT_WRAP_1" value="true" />
    <option name="POST_OPT_ALIGN" value="false" />
    <option name="ROUTINE_ARG_COMMA" value="2" />
    <option name="ROUTINE_ARG_ALIGN_TYPES" value="true" />
    <option name="IMP_COMMON_KEEP_BLANK_LINES_IN_CODE" value="1" />
    <option name="IMP_DECLARE_EL_WRAP" value="1" />
    <option name="IMP_IF_THEN_WRAP_THEN" value="true" />
    <option name="EXPR_CASE_WHEN_WRAP" value="false" />
    <option name="EXPR_CASE_THEN_WRAP" value="true" />
    <option name="PRIMARY_KEY_NAME_TEMPLATE" value="{table}_{columns}_pk" />
    <option name="ALIGN_AS_IN_SELECT_STATEMENT" value="false" />
    <option name="NEW_LINE_BEFORE_JOIN_CONDITION" value="true" />
    <option name="NEW_LINE_BEFORE_QUERY_INSIDE_PARENTHESIS" value="true" />
    <option name="NEW_LINE_BEFORE_QUERY_INSIDE_DML" value="true" />
    <option name="INDENT_JOIN" value="false" />
    <option name="WRAP_INSIDE_SELECT" value="2" />
    <option name="WRAP_INSIDE_JOIN_EXPRESSION" value="2" />
    <option name="WRAP_INSIDE_GROUP_BY" value="2" />
    <option name="WRAP_INSIDE_WHERE" value="2" />
    <option name="WRAP_INSIDE_ORDER_BY" value="2" />
    <option name="WRAP_INSIDE_SET" value="2" />
    <option name="WRAP_PARENTHESIZED_EXPRESSION_INSIDE_VALUES" value="2" />
  </SqlCodeStyleSettings>
  <codeStyleSettings language="SQL">
    <option name="KEEP_BLANK_LINES_IN_CODE" value="1" />
    <option name="SPACE_BEFORE_METHOD_PARENTHESES" value="true" />
  </codeStyleSettings>
</code_scheme>