<code_scheme name="Rearrange" version="173">
  <option name="LINE_SEPARATOR" value="&#10;" />
  <CssCodeStyleSettings>
    <option name="BRACE_PLACEMENT" value="1" />
  </CssCodeStyleSettings>
  <DB2CodeStyleSettings version="5">
    <option name="USE_GENERAL_STYLE" value="false" />
    <option name="IDENTIFIER_CASE" value="1" />
    <option name="TYPE_CASE" value="1" />
    <option name="CUSTOM_TYPE_CASE" value="1" />
    <option name="ALIAS_CASE" value="1" />
    <option name="QUERY_EL_LINE" value="101" />
    <option name="QUERY_IN_ONE_STRING" value="3" />
    <option name="SUBQUERY_OPENING" value="4" />
    <option name="SUBQUERY_CONTENT" value="4" />
    <option name="SUBQUERY_CLOSING" value="3" />
    <option name="SUBQUERY_PAR_SPACE_INSIDE" value="true" />
    <option name="INSERT_INTO_NL" value="2" />
    <option name="INSERT_CONTENT" value="3" />
    <option name="INSERT_CLOSING" value="3" />
    <option name="INSERT_TABLE_EL_LINE" value="1" />
    <option name="INSERT_VALUES_EL_LINE" value="1" />
    <option name="INSERT_EL_WRAP" value="1" />
    <option name="INSERT_EL_COMMA" value="0" />
    <option name="INSERT_SPACE_WITHIN_PARENTHESES" value="true" />
    <option name="INSERT_COLLAPSE_MULTI_ROW_VALUES" value="true" />
    <option name="SET_EL_LINE" value="101" />
    <option name="SET_EL_COMMA" value="0" />
    <option name="WITH_EL_LINE" value="101" />
    <option name="WITH_EL_COMMA" value="0" />
    <option name="SELECT_EL_LINE" value="101" />
    <option name="SELECT_EL_COMMA" value="1" />
    <option name="SELECT_NEW_LINE_AFTER_ALL_DISTINCT" value="true" />
    <option name="SELECT_KEEP_N_ITEMS_IN_LINE" value="0" />
    <option name="SELECT_USE_AS_WORD" value="2" />
    <option name="SELECT_ALIGN_AS" value="false" />
    <option name="FROM_EL_LINE" value="101" />
    <option name="FROM_EL_COMMA" value="1" />
    <option name="WHERE_EL_LINE" value="101" />
    <option name="ORDER_EL_LINE" value="101" />
    <option name="ORDER_EL_WRAP" value="1" />
    <option name="ORDER_EL_COMMA" value="1" />
    <option name="TABLE_CONTENT" value="3" />
    <option name="TABLE_NULLABILITIES_ALIGN" value="false" />
    <option name="CONSTRAINT_WRAP_2" value="true" />
    <option name="CONSTRAINT_WRAP_3" value="true" />
    <option name="CONSTRAINT_WRAP_4" value="true" />
    <option name="POST_OPT_WRAP_1" value="true" />
    <option name="VIEW_WRAP_AS" value="true" />
    <option name="VIEW_INDENT_QUERY" value="true" />
    <option name="ROUTINE_ARG_CONTENT" value="3" />
    <option name="ROUTINE_ARG_WRAP" value="1" />
    <option name="ROUTINE_ARG_SPACE_WITHIN_PARENTHESES" value="true" />
    <option name="ROUTINE_AS_WRAP" value="true" />
    <option name="IMP_COMMON_WRAP_EVERY_STATEMENT" value="true" />
    <option name="IMP_COMMON_KEEP_BLANK_LINES_IN_CODE" value="1" />
    <option name="IMP_DECLARE_EL_WRAP" value="1" />
    <option name="IMP_DECLARE_ALIGN_EQ" value="false" />
    <option name="IMP_IF_THEN_COLLAPSE" value="false" />
    <option name="IMP_LOOP_LOOP_WRAP" value="false" />
    <option name="CORTEGE_COMMA_1ST" value="true" />
    <option name="EXPR_CALL_SPACE_INSIDE_PARENTHESES" value="true" />
    <option name="EXPR_CALL_SPACE_BEFORE_COMMA" value="true" />
    <option name="EXPR_CASE_END" value="1" />
    <option name="EXPR_CASE_COLLAPSE" value="false" />
    <option name="INDEX_NAME_TEMPLATE" value="{schema}_{table}_{columns}_{unique?u:}index" />
    <option name="PRIMARY_KEY_NAME_TEMPLATE" value="{schema}_{table}_pk" />
    <option name="FOREIGN_KEY_NAME_TEMPLATE" value="{schema}_{table}_{ref_table}_{ref_columns}_fk" />
  </DB2CodeStyleSettings>
  <DerbyCodeStyleSettings version="5">
    <option name="USE_GENERAL_STYLE" value="false" />
    <option name="IDENTIFIER_CASE" value="1" />
    <option name="TYPE_CASE" value="1" />
    <option name="CUSTOM_TYPE_CASE" value="1" />
    <option name="ALIAS_CASE" value="1" />
    <option name="QUERY_EL_LINE" value="101" />
    <option name="QUERY_IN_ONE_STRING" value="3" />
    <option name="SUBQUERY_OPENING" value="4" />
    <option name="SUBQUERY_CONTENT" value="4" />
    <option name="SUBQUERY_CLOSING" value="3" />
    <option name="SUBQUERY_PAR_SPACE_INSIDE" value="true" />
    <option name="INSERT_INTO_NL" value="2" />
    <option name="INSERT_CONTENT" value="3" />
    <option name="INSERT_CLOSING" value="3" />
    <option name="INSERT_TABLE_EL_LINE" value="1" />
    <option name="INSERT_VALUES_EL_LINE" value="1" />
    <option name="INSERT_EL_WRAP" value="1" />
    <option name="INSERT_EL_COMMA" value="0" />
    <option name="INSERT_SPACE_WITHIN_PARENTHESES" value="true" />
    <option name="INSERT_COLLAPSE_MULTI_ROW_VALUES" value="true" />
    <option name="SET_EL_LINE" value="101" />
    <option name="SET_EL_COMMA" value="0" />
    <option name="WITH_EL_LINE" value="101" />
    <option name="WITH_EL_COMMA" value="0" />
    <option name="SELECT_EL_LINE" value="101" />
    <option name="SELECT_EL_COMMA" value="1" />
    <option name="SELECT_NEW_LINE_AFTER_ALL_DISTINCT" value="true" />
    <option name="SELECT_KEEP_N_ITEMS_IN_LINE" value="0" />
    <option name="SELECT_USE_AS_WORD" value="2" />
    <option name="SELECT_ALIGN_AS" value="false" />
    <option name="FROM_EL_LINE" value="101" />
    <option name="FROM_EL_COMMA" value="1" />
    <option name="WHERE_EL_LINE" value="101" />
    <option name="ORDER_EL_LINE" value="101" />
    <option name="ORDER_EL_WRAP" value="1" />
    <option name="ORDER_EL_COMMA" value="1" />
    <option name="TABLE_CONTENT" value="3" />
    <option name="TABLE_NULLABILITIES_ALIGN" value="false" />
    <option name="CONSTRAINT_WRAP_2" value="true" />
    <option name="CONSTRAINT_WRAP_3" value="true" />
    <option name="CONSTRAINT_WRAP_4" value="true" />
    <option name="POST_OPT_WRAP_1" value="true" />
    <option name="VIEW_WRAP_AS" value="true" />
    <option name="VIEW_INDENT_QUERY" value="true" />
    <option name="ROUTINE_ARG_CONTENT" value="3" />
    <option name="ROUTINE_ARG_WRAP" value="1" />
    <option name="ROUTINE_ARG_SPACE_WITHIN_PARENTHESES" value="true" />
    <option name="ROUTINE_AS_WRAP" value="true" />
    <option name="IMP_COMMON_WRAP_EVERY_STATEMENT" value="true" />
    <option name="IMP_COMMON_KEEP_BLANK_LINES_IN_CODE" value="1" />
    <option name="IMP_DECLARE_EL_WRAP" value="1" />
    <option name="IMP_DECLARE_ALIGN_EQ" value="false" />
    <option name="IMP_IF_THEN_COLLAPSE" value="false" />
    <option name="IMP_LOOP_LOOP_WRAP" value="false" />
    <option name="CORTEGE_COMMA_1ST" value="true" />
    <option name="EXPR_CALL_SPACE_INSIDE_PARENTHESES" value="true" />
    <option name="EXPR_CALL_SPACE_BEFORE_COMMA" value="true" />
    <option name="EXPR_CASE_END" value="1" />
    <option name="EXPR_CASE_COLLAPSE" value="false" />
    <option name="INDEX_NAME_TEMPLATE" value="{schema}_{table}_{columns}_{unique?u:}index" />
    <option name="PRIMARY_KEY_NAME_TEMPLATE" value="{schema}_{table}_pk" />
    <option name="FOREIGN_KEY_NAME_TEMPLATE" value="{schema}_{table}_{ref_table}_{ref_columns}_fk" />
  </DerbyCodeStyleSettings>
  <H2CodeStyleSettings version="5">
    <option name="USE_GENERAL_STYLE" value="false" />
    <option name="IDENTIFIER_CASE" value="1" />
    <option name="TYPE_CASE" value="1" />
    <option name="CUSTOM_TYPE_CASE" value="1" />
    <option name="ALIAS_CASE" value="1" />
    <option name="QUERY_EL_LINE" value="101" />
    <option name="QUERY_IN_ONE_STRING" value="3" />
    <option name="SUBQUERY_OPENING" value="4" />
    <option name="SUBQUERY_CONTENT" value="4" />
    <option name="SUBQUERY_CLOSING" value="3" />
    <option name="SUBQUERY_PAR_SPACE_INSIDE" value="true" />
    <option name="INSERT_INTO_NL" value="2" />
    <option name="INSERT_CONTENT" value="3" />
    <option name="INSERT_CLOSING" value="3" />
    <option name="INSERT_TABLE_EL_LINE" value="1" />
    <option name="INSERT_VALUES_EL_LINE" value="1" />
    <option name="INSERT_EL_WRAP" value="1" />
    <option name="INSERT_EL_COMMA" value="0" />
    <option name="INSERT_SPACE_WITHIN_PARENTHESES" value="true" />
    <option name="INSERT_COLLAPSE_MULTI_ROW_VALUES" value="true" />
    <option name="SET_EL_LINE" value="101" />
    <option name="SET_EL_COMMA" value="0" />
    <option name="WITH_EL_LINE" value="101" />
    <option name="WITH_EL_COMMA" value="0" />
    <option name="SELECT_EL_LINE" value="101" />
    <option name="SELECT_EL_COMMA" value="1" />
    <option name="SELECT_NEW_LINE_AFTER_ALL_DISTINCT" value="true" />
    <option name="SELECT_KEEP_N_ITEMS_IN_LINE" value="0" />
    <option name="SELECT_USE_AS_WORD" value="2" />
    <option name="SELECT_ALIGN_AS" value="false" />
    <option name="FROM_EL_LINE" value="101" />
    <option name="FROM_EL_COMMA" value="1" />
    <option name="WHERE_EL_LINE" value="101" />
    <option name="ORDER_EL_LINE" value="101" />
    <option name="ORDER_EL_WRAP" value="1" />
    <option name="ORDER_EL_COMMA" value="1" />
    <option name="TABLE_CONTENT" value="3" />
    <option name="TABLE_NULLABILITIES_ALIGN" value="false" />
    <option name="CONSTRAINT_WRAP_2" value="true" />
    <option name="CONSTRAINT_WRAP_3" value="true" />
    <option name="CONSTRAINT_WRAP_4" value="true" />
    <option name="POST_OPT_WRAP_1" value="true" />
    <option name="VIEW_WRAP_AS" value="true" />
    <option name="VIEW_INDENT_QUERY" value="true" />
    <option name="ROUTINE_ARG_CONTENT" value="3" />
    <option name="ROUTINE_ARG_WRAP" value="1" />
    <option name="ROUTINE_ARG_SPACE_WITHIN_PARENTHESES" value="true" />
    <option name="IMP_COMMON_WRAP_EVERY_STATEMENT" value="true" />
    <option name="IMP_COMMON_KEEP_BLANK_LINES_IN_CODE" value="1" />
    <option name="CORTEGE_COMMA_1ST" value="true" />
    <option name="EXPR_CALL_SPACE_INSIDE_PARENTHESES" value="true" />
    <option name="EXPR_CALL_SPACE_BEFORE_COMMA" value="true" />
    <option name="EXPR_CASE_END" value="1" />
    <option name="EXPR_CASE_COLLAPSE" value="false" />
    <option name="INDEX_NAME_TEMPLATE" value="{schema}_{table}_{columns}_{unique?u:}index" />
    <option name="PRIMARY_KEY_NAME_TEMPLATE" value="{schema}_{table}_pk" />
    <option name="FOREIGN_KEY_NAME_TEMPLATE" value="{schema}_{table}_{ref_table}_{ref_columns}_fk" />
  </H2CodeStyleSettings>
  <HSQLCodeStyleSettings version="5">
    <option name="USE_GENERAL_STYLE" value="false" />
    <option name="IDENTIFIER_CASE" value="1" />
    <option name="TYPE_CASE" value="1" />
    <option name="CUSTOM_TYPE_CASE" value="1" />
    <option name="ALIAS_CASE" value="1" />
    <option name="QUERY_EL_LINE" value="101" />
    <option name="QUERY_IN_ONE_STRING" value="3" />
    <option name="SUBQUERY_OPENING" value="4" />
    <option name="SUBQUERY_CONTENT" value="4" />
    <option name="SUBQUERY_CLOSING" value="3" />
    <option name="SUBQUERY_PAR_SPACE_INSIDE" value="true" />
    <option name="INSERT_INTO_NL" value="2" />
    <option name="INSERT_CONTENT" value="3" />
    <option name="INSERT_CLOSING" value="3" />
    <option name="INSERT_TABLE_EL_LINE" value="1" />
    <option name="INSERT_VALUES_EL_LINE" value="1" />
    <option name="INSERT_EL_WRAP" value="1" />
    <option name="INSERT_EL_COMMA" value="0" />
    <option name="INSERT_SPACE_WITHIN_PARENTHESES" value="true" />
    <option name="INSERT_COLLAPSE_MULTI_ROW_VALUES" value="true" />
    <option name="SET_EL_LINE" value="101" />
    <option name="SET_EL_COMMA" value="0" />
    <option name="WITH_EL_LINE" value="101" />
    <option name="WITH_EL_COMMA" value="0" />
    <option name="SELECT_EL_LINE" value="101" />
    <option name="SELECT_EL_COMMA" value="1" />
    <option name="SELECT_NEW_LINE_AFTER_ALL_DISTINCT" value="true" />
    <option name="SELECT_KEEP_N_ITEMS_IN_LINE" value="0" />
    <option name="SELECT_USE_AS_WORD" value="2" />
    <option name="SELECT_ALIGN_AS" value="false" />
    <option name="FROM_EL_LINE" value="101" />
    <option name="FROM_EL_COMMA" value="1" />
    <option name="WHERE_EL_LINE" value="101" />
    <option name="ORDER_EL_LINE" value="101" />
    <option name="ORDER_EL_WRAP" value="1" />
    <option name="ORDER_EL_COMMA" value="1" />
    <option name="TABLE_CONTENT" value="3" />
    <option name="TABLE_NULLABILITIES_ALIGN" value="false" />
    <option name="CONSTRAINT_WRAP_2" value="true" />
    <option name="CONSTRAINT_WRAP_3" value="true" />
    <option name="CONSTRAINT_WRAP_4" value="true" />
    <option name="POST_OPT_WRAP_1" value="true" />
    <option name="VIEW_WRAP_AS" value="true" />
    <option name="VIEW_INDENT_QUERY" value="true" />
    <option name="ROUTINE_ARG_CONTENT" value="3" />
    <option name="ROUTINE_ARG_WRAP" value="1" />
    <option name="ROUTINE_ARG_SPACE_WITHIN_PARENTHESES" value="true" />
    <option name="IMP_COMMON_WRAP_EVERY_STATEMENT" value="true" />
    <option name="IMP_COMMON_KEEP_BLANK_LINES_IN_CODE" value="1" />
    <option name="CORTEGE_COMMA_1ST" value="true" />
    <option name="EXPR_CALL_SPACE_INSIDE_PARENTHESES" value="true" />
    <option name="EXPR_CALL_SPACE_BEFORE_COMMA" value="true" />
    <option name="EXPR_CASE_END" value="1" />
    <option name="EXPR_CASE_COLLAPSE" value="false" />
    <option name="INDEX_NAME_TEMPLATE" value="{schema}_{table}_{columns}_{unique?u:}index" />
    <option name="PRIMARY_KEY_NAME_TEMPLATE" value="{schema}_{table}_pk" />
    <option name="FOREIGN_KEY_NAME_TEMPLATE" value="{schema}_{table}_{ref_table}_{ref_columns}_fk" />
  </HSQLCodeStyleSettings>
  <JSCodeStyleSettings>
    <option name="ALIGN_OBJECT_PROPERTIES" value="2" />
    <option name="ALIGN_MULTIPLE_ASSIGNMENTS" value="true" />
  </JSCodeStyleSettings>
  <MSSQLCodeStyleSettings version="5">
    <option name="IDENTIFIER_CASE" value="1" />
    <option name="TYPE_CASE" value="1" />
    <option name="CUSTOM_TYPE_CASE" value="1" />
    <option name="ALIAS_CASE" value="1" />
    <option name="QUERY_EL_LINE" value="101" />
    <option name="QUERY_IN_ONE_STRING" value="3" />
    <option name="SUBQUERY_OPENING" value="4" />
    <option name="SUBQUERY_CONTENT" value="4" />
    <option name="SUBQUERY_CLOSING" value="3" />
    <option name="SUBQUERY_PAR_SPACE_INSIDE" value="true" />
    <option name="INSERT_INTO_NL" value="2" />
    <option name="INSERT_CONTENT" value="3" />
    <option name="INSERT_CLOSING" value="3" />
    <option name="INSERT_TABLE_EL_LINE" value="1" />
    <option name="INSERT_VALUES_EL_LINE" value="1" />
    <option name="INSERT_EL_WRAP" value="1" />
    <option name="INSERT_EL_COMMA" value="0" />
    <option name="INSERT_SPACE_WITHIN_PARENTHESES" value="true" />
    <option name="SET_EL_LINE" value="101" />
    <option name="SET_EL_COMMA" value="0" />
    <option name="WITH_EL_LINE" value="101" />
    <option name="WITH_EL_COMMA" value="0" />
    <option name="SELECT_EL_LINE" value="101" />
    <option name="SELECT_EL_COMMA" value="1" />
    <option name="SELECT_NEW_LINE_AFTER_ALL_DISTINCT" value="true" />
    <option name="SELECT_KEEP_N_ITEMS_IN_LINE" value="0" />
    <option name="SELECT_USE_AS_WORD" value="2" />
    <option name="SELECT_ALIGN_AS" value="false" />
    <option name="FROM_EL_LINE" value="101" />
    <option name="FROM_EL_COMMA" value="1" />
    <option name="WHERE_EL_LINE" value="101" />
    <option name="ORDER_EL_LINE" value="101" />
    <option name="ORDER_EL_WRAP" value="1" />
    <option name="ORDER_EL_COMMA" value="1" />
    <option name="TABLE_CONTENT" value="3" />
    <option name="TABLE_NULLABILITIES_ALIGN" value="false" />
    <option name="CONSTRAINT_WRAP_2" value="true" />
    <option name="CONSTRAINT_WRAP_3" value="true" />
    <option name="CONSTRAINT_WRAP_4" value="true" />
    <option name="POST_OPT_WRAP_1" value="true" />
    <option name="VIEW_WRAP_AS" value="true" />
    <option name="VIEW_INDENT_QUERY" value="true" />
    <option name="ROUTINE_ARG_CONTENT" value="3" />
    <option name="ROUTINE_ARG_WRAP" value="1" />
    <option name="ROUTINE_ARG_SPACE_WITHIN_PARENTHESES" value="true" />
    <option name="ROUTINE_AS_WRAP" value="true" />
    <option name="IMP_COMMON_WRAP_EVERY_STATEMENT" value="true" />
    <option name="IMP_COMMON_KEEP_BLANK_LINES_IN_CODE" value="1" />
    <option name="IMP_DECLARE_EL_WRAP" value="1" />
    <option name="IMP_DECLARE_ALIGN_EQ" value="false" />
    <option name="IMP_IF_THEN_COLLAPSE" value="false" />
    <option name="IMP_LOOP_LOOP_WRAP" value="false" />
    <option name="CORTEGE_COMMA_1ST" value="true" />
    <option name="EXPR_CALL_SPACE_INSIDE_PARENTHESES" value="true" />
    <option name="EXPR_CALL_SPACE_BEFORE_COMMA" value="true" />
    <option name="EXPR_CASE_END" value="1" />
    <option name="EXPR_CASE_COLLAPSE" value="false" />
    <option name="INDEX_NAME_TEMPLATE" value="{schema}_{table}_{columns}_{unique?u:}index" />
    <option name="PRIMARY_KEY_NAME_TEMPLATE" value="{schema}_{table}_pk" />
    <option name="FOREIGN_KEY_NAME_TEMPLATE" value="{schema}_{table}_{ref_table}_{ref_columns}_fk" />
    <option name="USE_GENERIC_STYLE" value="true" />
  </MSSQLCodeStyleSettings>
  <MySQLCodeStyleSettings version="5">
    <option name="IDENTIFIER_CASE" value="1" />
    <option name="TYPE_CASE" value="1" />
    <option name="CUSTOM_TYPE_CASE" value="1" />
    <option name="ALIAS_CASE" value="1" />
    <option name="QUERY_EL_LINE" value="101" />
    <option name="QUERY_IN_ONE_STRING" value="3" />
    <option name="SUBQUERY_OPENING" value="4" />
    <option name="SUBQUERY_CONTENT" value="4" />
    <option name="SUBQUERY_CLOSING" value="3" />
    <option name="SUBQUERY_PAR_SPACE_INSIDE" value="true" />
    <option name="INSERT_INTO_NL" value="2" />
    <option name="INSERT_CONTENT" value="3" />
    <option name="INSERT_CLOSING" value="3" />
    <option name="INSERT_TABLE_EL_LINE" value="1" />
    <option name="INSERT_VALUES_EL_LINE" value="1" />
    <option name="INSERT_EL_WRAP" value="1" />
    <option name="INSERT_EL_COMMA" value="0" />
    <option name="INSERT_SPACE_WITHIN_PARENTHESES" value="true" />
    <option name="INSERT_COLLAPSE_MULTI_ROW_VALUES" value="true" />
    <option name="SET_EL_LINE" value="101" />
    <option name="SET_EL_COMMA" value="0" />
    <option name="WITH_EL_LINE" value="101" />
    <option name="WITH_EL_COMMA" value="0" />
    <option name="SELECT_EL_LINE" value="101" />
    <option name="SELECT_EL_COMMA" value="1" />
    <option name="SELECT_NEW_LINE_AFTER_ALL_DISTINCT" value="true" />
    <option name="SELECT_KEEP_N_ITEMS_IN_LINE" value="0" />
    <option name="SELECT_USE_AS_WORD" value="2" />
    <option name="SELECT_ALIGN_AS" value="false" />
    <option name="FROM_EL_LINE" value="101" />
    <option name="FROM_EL_COMMA" value="1" />
    <option name="WHERE_EL_LINE" value="101" />
    <option name="ORDER_EL_LINE" value="101" />
    <option name="ORDER_EL_WRAP" value="1" />
    <option name="ORDER_EL_COMMA" value="1" />
    <option name="TABLE_CONTENT" value="3" />
    <option name="TABLE_NULLABILITIES_ALIGN" value="false" />
    <option name="CONSTRAINT_WRAP_2" value="true" />
    <option name="CONSTRAINT_WRAP_3" value="true" />
    <option name="CONSTRAINT_WRAP_4" value="true" />
    <option name="POST_OPT_WRAP_1" value="true" />
    <option name="VIEW_WRAP_AS" value="true" />
    <option name="VIEW_INDENT_QUERY" value="true" />
    <option name="ROUTINE_ARG_CONTENT" value="3" />
    <option name="ROUTINE_ARG_WRAP" value="1" />
    <option name="ROUTINE_ARG_SPACE_WITHIN_PARENTHESES" value="true" />
    <option name="IMP_COMMON_WRAP_EVERY_STATEMENT" value="true" />
    <option name="IMP_COMMON_KEEP_BLANK_LINES_IN_CODE" value="1" />
    <option name="IMP_IF_THEN_COLLAPSE" value="false" />
    <option name="IMP_LOOP_LOOP_WRAP" value="false" />
    <option name="CORTEGE_COMMA_1ST" value="true" />
    <option name="EXPR_CALL_SPACE_INSIDE_PARENTHESES" value="true" />
    <option name="EXPR_CALL_SPACE_BEFORE_COMMA" value="true" />
    <option name="EXPR_CASE_END" value="1" />
    <option name="EXPR_CASE_COLLAPSE" value="false" />
    <option name="INDEX_NAME_TEMPLATE" value="{schema}_{table}_{columns}_{unique?u:}index" />
    <option name="PRIMARY_KEY_NAME_TEMPLATE" value="{schema}_{table}_pk" />
    <option name="FOREIGN_KEY_NAME_TEMPLATE" value="{schema}_{table}_{ref_table}_{ref_columns}_fk" />
    <option name="USE_GENERIC_STYLE" value="true" />
  </MySQLCodeStyleSettings>
  <OracleCodeStyleSettings version="5">
    <option name="USE_GENERAL_STYLE" value="false" />
    <option name="IDENTIFIER_CASE" value="1" />
    <option name="TYPE_CASE" value="1" />
    <option name="CUSTOM_TYPE_CASE" value="1" />
    <option name="ALIAS_CASE" value="1" />
    <option name="QUERY_EL_LINE" value="101" />
    <option name="QUERY_IN_ONE_STRING" value="3" />
    <option name="SUBQUERY_OPENING" value="4" />
    <option name="SUBQUERY_CONTENT" value="4" />
    <option name="SUBQUERY_CLOSING" value="3" />
    <option name="SUBQUERY_PAR_SPACE_INSIDE" value="true" />
    <option name="INSERT_INTO_NL" value="2" />
    <option name="INSERT_CONTENT" value="3" />
    <option name="INSERT_CLOSING" value="3" />
    <option name="INSERT_TABLE_EL_LINE" value="1" />
    <option name="INSERT_VALUES_EL_LINE" value="1" />
    <option name="INSERT_EL_WRAP" value="1" />
    <option name="INSERT_EL_COMMA" value="0" />
    <option name="INSERT_SPACE_WITHIN_PARENTHESES" value="true" />
    <option name="SET_EL_LINE" value="101" />
    <option name="SET_EL_COMMA" value="0" />
    <option name="WITH_EL_LINE" value="101" />
    <option name="WITH_EL_COMMA" value="0" />
    <option name="SELECT_EL_LINE" value="101" />
    <option name="SELECT_EL_COMMA" value="1" />
    <option name="SELECT_NEW_LINE_AFTER_ALL_DISTINCT" value="true" />
    <option name="SELECT_KEEP_N_ITEMS_IN_LINE" value="0" />
    <option name="SELECT_USE_AS_WORD" value="2" />
    <option name="SELECT_ALIGN_AS" value="false" />
    <option name="FROM_EL_LINE" value="101" />
    <option name="FROM_EL_COMMA" value="1" />
    <option name="WHERE_EL_LINE" value="101" />
    <option name="ORDER_EL_LINE" value="101" />
    <option name="ORDER_EL_WRAP" value="1" />
    <option name="ORDER_EL_COMMA" value="1" />
    <option name="TABLE_CONTENT" value="3" />
    <option name="TABLE_NULLABILITIES_ALIGN" value="false" />
    <option name="CONSTRAINT_WRAP_2" value="true" />
    <option name="CONSTRAINT_WRAP_3" value="true" />
    <option name="CONSTRAINT_WRAP_4" value="true" />
    <option name="POST_OPT_WRAP_1" value="true" />
    <option name="VIEW_WRAP_AS" value="true" />
    <option name="VIEW_INDENT_QUERY" value="true" />
    <option name="ROUTINE_ARG_CONTENT" value="3" />
    <option name="ROUTINE_ARG_WRAP" value="1" />
    <option name="ROUTINE_ARG_SPACE_WITHIN_PARENTHESES" value="true" />
    <option name="ROUTINE_AS_WRAP" value="true" />
    <option name="IMP_COMMON_WRAP_EVERY_STATEMENT" value="true" />
    <option name="IMP_COMMON_KEEP_BLANK_LINES_IN_CODE" value="1" />
    <option name="IMP_DECLARE_EL_WRAP" value="1" />
    <option name="IMP_DECLARE_ALIGN_EQ" value="false" />
    <option name="IMP_IF_THEN_COLLAPSE" value="false" />
    <option name="IMP_LOOP_LOOP_WRAP" value="false" />
    <option name="CORTEGE_COMMA_1ST" value="true" />
    <option name="EXPR_CALL_SPACE_INSIDE_PARENTHESES" value="true" />
    <option name="EXPR_CALL_SPACE_BEFORE_COMMA" value="true" />
    <option name="EXPR_CASE_END" value="1" />
    <option name="EXPR_CASE_COLLAPSE" value="false" />
    <option name="INDEX_NAME_TEMPLATE" value="{schema}_{table}_{columns}_{unique?u:}index" />
    <option name="PRIMARY_KEY_NAME_TEMPLATE" value="{schema}_{table}_pk" />
    <option name="FOREIGN_KEY_NAME_TEMPLATE" value="{schema}_{table}_{ref_table}_{ref_columns}_fk" />
  </OracleCodeStyleSettings>
  <PHPCodeStyleSettings>
    <option name="ALIGN_KEY_VALUE_PAIRS" value="true" />
    <option name="ALIGN_PHPDOC_PARAM_NAMES" value="true" />
    <option name="ALIGN_PHPDOC_COMMENTS" value="true" />
    <option name="COMMA_AFTER_LAST_ARRAY_ELEMENT" value="true" />
    <option name="PHPDOC_BLANK_LINE_BEFORE_TAGS" value="true" />
    <option name="PHPDOC_BLANK_LINES_AROUND_PARAMETERS" value="true" />
    <option name="UPPER_CASE_BOOLEAN_CONST" value="true" />
    <option name="UPPER_CASE_NULL_CONST" value="true" />
    <option name="BLANK_LINE_BEFORE_RETURN_STATEMENT" value="true" />
    <option name="SPACES_AROUND_VAR_WITHIN_BRACKETS" value="true" />
  </PHPCodeStyleSettings>
  <PostgresCodeStyleSettings version="5">
    <option name="USE_GENERAL_STYLE" value="false" />
    <option name="IDENTIFIER_CASE" value="1" />
    <option name="TYPE_CASE" value="1" />
    <option name="CUSTOM_TYPE_CASE" value="1" />
    <option name="ALIAS_CASE" value="1" />
    <option name="QUERY_EL_LINE" value="101" />
    <option name="QUERY_IN_ONE_STRING" value="3" />
    <option name="SUBQUERY_OPENING" value="4" />
    <option name="SUBQUERY_CONTENT" value="4" />
    <option name="SUBQUERY_CLOSING" value="3" />
    <option name="SUBQUERY_PAR_SPACE_INSIDE" value="true" />
    <option name="INSERT_INTO_NL" value="2" />
    <option name="INSERT_CONTENT" value="3" />
    <option name="INSERT_CLOSING" value="3" />
    <option name="INSERT_TABLE_EL_LINE" value="1" />
    <option name="INSERT_VALUES_EL_LINE" value="1" />
    <option name="INSERT_EL_WRAP" value="1" />
    <option name="INSERT_EL_COMMA" value="0" />
    <option name="INSERT_SPACE_WITHIN_PARENTHESES" value="true" />
    <option name="INSERT_COLLAPSE_MULTI_ROW_VALUES" value="true" />
    <option name="SET_EL_LINE" value="101" />
    <option name="SET_EL_COMMA" value="0" />
    <option name="WITH_EL_LINE" value="101" />
    <option name="WITH_EL_COMMA" value="0" />
    <option name="SELECT_EL_LINE" value="101" />
    <option name="SELECT_EL_COMMA" value="1" />
    <option name="SELECT_NEW_LINE_AFTER_ALL_DISTINCT" value="true" />
    <option name="SELECT_KEEP_N_ITEMS_IN_LINE" value="0" />
    <option name="SELECT_USE_AS_WORD" value="2" />
    <option name="SELECT_ALIGN_AS" value="false" />
    <option name="FROM_EL_LINE" value="101" />
    <option name="FROM_EL_COMMA" value="1" />
    <option name="WHERE_EL_LINE" value="101" />
    <option name="ORDER_EL_LINE" value="101" />
    <option name="ORDER_EL_WRAP" value="1" />
    <option name="ORDER_EL_COMMA" value="1" />
    <option name="TABLE_CONTENT" value="3" />
    <option name="TABLE_NULLABILITIES_ALIGN" value="false" />
    <option name="CONSTRAINT_WRAP_2" value="true" />
    <option name="CONSTRAINT_WRAP_3" value="true" />
    <option name="CONSTRAINT_WRAP_4" value="true" />
    <option name="POST_OPT_WRAP_1" value="true" />
    <option name="VIEW_WRAP_AS" value="true" />
    <option name="VIEW_INDENT_QUERY" value="true" />
    <option name="ROUTINE_ARG_CONTENT" value="3" />
    <option name="ROUTINE_ARG_WRAP" value="1" />
    <option name="ROUTINE_ARG_SPACE_WITHIN_PARENTHESES" value="true" />
    <option name="ROUTINE_AS_WRAP" value="true" />
    <option name="IMP_COMMON_WRAP_EVERY_STATEMENT" value="true" />
    <option name="IMP_COMMON_KEEP_BLANK_LINES_IN_CODE" value="1" />
    <option name="IMP_DECLARE_EL_WRAP" value="1" />
    <option name="IMP_DECLARE_ALIGN_EQ" value="false" />
    <option name="IMP_IF_THEN_COLLAPSE" value="false" />
    <option name="IMP_LOOP_LOOP_WRAP" value="false" />
    <option name="CORTEGE_COMMA_1ST" value="true" />
    <option name="EXPR_CALL_SPACE_INSIDE_PARENTHESES" value="true" />
    <option name="EXPR_CALL_SPACE_BEFORE_COMMA" value="true" />
    <option name="EXPR_CASE_END" value="1" />
    <option name="EXPR_CASE_COLLAPSE" value="false" />
    <option name="INDEX_NAME_TEMPLATE" value="{schema}_{table}_{columns}_{unique?u:}index" />
    <option name="PRIMARY_KEY_NAME_TEMPLATE" value="{schema}_{table}_pk" />
    <option name="FOREIGN_KEY_NAME_TEMPLATE" value="{schema}_{table}_{ref_table}_{ref_columns}_fk" />
  </PostgresCodeStyleSettings>
  <SQLiteCodeStyleSettings version="5">
    <option name="USE_GENERAL_STYLE" value="false" />
    <option name="IDENTIFIER_CASE" value="1" />
    <option name="TYPE_CASE" value="1" />
    <option name="CUSTOM_TYPE_CASE" value="1" />
    <option name="ALIAS_CASE" value="1" />
    <option name="QUERY_EL_LINE" value="101" />
    <option name="QUERY_IN_ONE_STRING" value="3" />
    <option name="SUBQUERY_OPENING" value="4" />
    <option name="SUBQUERY_CONTENT" value="4" />
    <option name="SUBQUERY_CLOSING" value="3" />
    <option name="SUBQUERY_PAR_SPACE_INSIDE" value="true" />
    <option name="INSERT_INTO_NL" value="2" />
    <option name="INSERT_CONTENT" value="3" />
    <option name="INSERT_CLOSING" value="3" />
    <option name="INSERT_TABLE_EL_LINE" value="1" />
    <option name="INSERT_VALUES_EL_LINE" value="1" />
    <option name="INSERT_EL_WRAP" value="1" />
    <option name="INSERT_EL_COMMA" value="0" />
    <option name="INSERT_SPACE_WITHIN_PARENTHESES" value="true" />
    <option name="INSERT_COLLAPSE_MULTI_ROW_VALUES" value="true" />
    <option name="SET_EL_LINE" value="101" />
    <option name="SET_EL_COMMA" value="0" />
    <option name="WITH_EL_LINE" value="101" />
    <option name="WITH_EL_COMMA" value="0" />
    <option name="SELECT_EL_LINE" value="101" />
    <option name="SELECT_EL_COMMA" value="1" />
    <option name="SELECT_NEW_LINE_AFTER_ALL_DISTINCT" value="true" />
    <option name="SELECT_KEEP_N_ITEMS_IN_LINE" value="0" />
    <option name="SELECT_USE_AS_WORD" value="2" />
    <option name="SELECT_ALIGN_AS" value="false" />
    <option name="FROM_EL_LINE" value="101" />
    <option name="FROM_EL_COMMA" value="1" />
    <option name="WHERE_EL_LINE" value="101" />
    <option name="ORDER_EL_LINE" value="101" />
    <option name="ORDER_EL_WRAP" value="1" />
    <option name="ORDER_EL_COMMA" value="1" />
    <option name="TABLE_CONTENT" value="3" />
    <option name="TABLE_NULLABILITIES_ALIGN" value="false" />
    <option name="CONSTRAINT_WRAP_2" value="true" />
    <option name="CONSTRAINT_WRAP_3" value="true" />
    <option name="CONSTRAINT_WRAP_4" value="true" />
    <option name="POST_OPT_WRAP_1" value="true" />
    <option name="VIEW_WRAP_AS" value="true" />
    <option name="VIEW_INDENT_QUERY" value="true" />
    <option name="ROUTINE_ARG_CONTENT" value="3" />
    <option name="ROUTINE_ARG_WRAP" value="1" />
    <option name="ROUTINE_ARG_SPACE_WITHIN_PARENTHESES" value="true" />
    <option name="IMP_COMMON_WRAP_EVERY_STATEMENT" value="true" />
    <option name="IMP_COMMON_KEEP_BLANK_LINES_IN_CODE" value="1" />
    <option name="CORTEGE_COMMA_1ST" value="true" />
    <option name="EXPR_CALL_SPACE_INSIDE_PARENTHESES" value="true" />
    <option name="EXPR_CALL_SPACE_BEFORE_COMMA" value="true" />
    <option name="EXPR_CASE_END" value="1" />
    <option name="EXPR_CASE_COLLAPSE" value="false" />
    <option name="INDEX_NAME_TEMPLATE" value="{schema}_{table}_{columns}_{unique?u:}index" />
    <option name="PRIMARY_KEY_NAME_TEMPLATE" value="{schema}_{table}_pk" />
    <option name="FOREIGN_KEY_NAME_TEMPLATE" value="{schema}_{table}_{ref_table}_{ref_columns}_fk" />
  </SQLiteCodeStyleSettings>
  <SqlCodeStyleSettings version="5">
    <option name="KEYWORD_CASE" value="2" />
    <option name="TYPE_CASE" value="1" />
    <option name="CUSTOM_TYPE_CASE" value="0" />
    <option name="ALIAS_CASE" value="1" />
    <option name="QUERY_EL_LINE" value="101" />
    <option name="QUERY_IN_ONE_STRING" value="1" />
    <option name="SUBQUERY_OPENING" value="4" />
    <option name="SUBQUERY_CONTENT" value="4" />
    <option name="SUBQUERY_CLOSING" value="3" />
    <option name="SUBQUERY_PAR_SPACE_INSIDE" value="true" />
    <option name="INSERT_INTO_NL" value="2" />
    <option name="INSERT_CONTENT" value="3" />
    <option name="INSERT_CLOSING" value="3" />
    <option name="INSERT_TABLE_EL_LINE" value="1" />
    <option name="INSERT_VALUES_EL_LINE" value="1" />
    <option name="INSERT_EL_WRAP" value="1" />
    <option name="INSERT_EL_COMMA" value="0" />
    <option name="INSERT_SPACE_WITHIN_PARENTHESES" value="true" />
    <option name="SET_EL_LINE" value="101" />
    <option name="SET_EL_COMMA" value="0" />
    <option name="WITH_EL_LINE" value="101" />
    <option name="WITH_EL_COMMA" value="0" />
    <option name="SELECT_EL_LINE" value="101" />
    <option name="SELECT_EL_COMMA" value="1" />
    <option name="SELECT_NEW_LINE_AFTER_ALL_DISTINCT" value="true" />
    <option name="SELECT_KEEP_N_ITEMS_IN_LINE" value="0" />
    <option name="SELECT_USE_AS_WORD" value="2" />
    <option name="SELECT_ALIGN_AS" value="false" />
    <option name="FROM_EL_LINE" value="101" />
    <option name="FROM_EL_COMMA" value="1" />
    <option name="WHERE_EL_LINE" value="101" />
    <option name="ORDER_EL_LINE" value="101" />
    <option name="ORDER_EL_WRAP" value="1" />
    <option name="ORDER_EL_COMMA" value="1" />
    <option name="TABLE_CONTENT" value="3" />
    <option name="TABLE_NULLABILITIES_ALIGN" value="false" />
    <option name="CONSTRAINT_WRAP_2" value="true" />
    <option name="CONSTRAINT_WRAP_3" value="true" />
    <option name="CONSTRAINT_WRAP_4" value="true" />
    <option name="POST_OPT_WRAP_1" value="true" />
    <option name="VIEW_WRAP_AS" value="true" />
    <option name="VIEW_INDENT_QUERY" value="true" />
    <option name="ROUTINE_ARG_CONTENT" value="3" />
    <option name="ROUTINE_ARG_WRAP" value="1" />
    <option name="ROUTINE_ARG_SPACE_WITHIN_PARENTHESES" value="true" />
    <option name="ROUTINE_AS_WRAP" value="true" />
    <option name="IMP_COMMON_WRAP_EVERY_STATEMENT" value="true" />
    <option name="IMP_COMMON_KEEP_BLANK_LINES_IN_CODE" value="1" />
    <option name="IMP_DECLARE_EL_WRAP" value="1" />
    <option name="IMP_DECLARE_ALIGN_EQ" value="false" />
    <option name="IMP_IF_THEN_COLLAPSE" value="false" />
    <option name="IMP_LOOP_LOOP_WRAP" value="false" />
    <option name="CORTEGE_COMMA_1ST" value="true" />
    <option name="EXPR_CALL_SPACE_INSIDE_PARENTHESES" value="true" />
    <option name="EXPR_CALL_SPACE_BEFORE_COMMA" value="true" />
    <option name="EXPR_CASE_END" value="1" />
    <option name="EXPR_CASE_COLLAPSE" value="false" />
    <option name="INDEX_NAME_TEMPLATE" value="{schema}_{table}_{columns}_{unique?u:}index" />
    <option name="PRIMARY_KEY_NAME_TEMPLATE" value="{schema}_{table}_pk" />
    <option name="FOREIGN_KEY_NAME_TEMPLATE" value="{schema}_{table}_{ref_table}_{ref_columns}_fk" />
  </SqlCodeStyleSettings>
  <SybaseCodeStyleSettings version="5">
    <option name="USE_GENERAL_STYLE" value="false" />
    <option name="IDENTIFIER_CASE" value="1" />
    <option name="TYPE_CASE" value="1" />
    <option name="CUSTOM_TYPE_CASE" value="1" />
    <option name="ALIAS_CASE" value="1" />
    <option name="QUERY_EL_LINE" value="101" />
    <option name="QUERY_IN_ONE_STRING" value="3" />
    <option name="SUBQUERY_OPENING" value="4" />
    <option name="SUBQUERY_CONTENT" value="4" />
    <option name="SUBQUERY_CLOSING" value="3" />
    <option name="SUBQUERY_PAR_SPACE_INSIDE" value="true" />
    <option name="INSERT_INTO_NL" value="2" />
    <option name="INSERT_CONTENT" value="3" />
    <option name="INSERT_CLOSING" value="3" />
    <option name="INSERT_TABLE_EL_LINE" value="1" />
    <option name="INSERT_VALUES_EL_LINE" value="1" />
    <option name="INSERT_EL_WRAP" value="1" />
    <option name="INSERT_EL_COMMA" value="0" />
    <option name="INSERT_SPACE_WITHIN_PARENTHESES" value="true" />
    <option name="SET_EL_LINE" value="101" />
    <option name="SET_EL_COMMA" value="0" />
    <option name="WITH_EL_LINE" value="101" />
    <option name="WITH_EL_COMMA" value="0" />
    <option name="SELECT_EL_LINE" value="101" />
    <option name="SELECT_EL_COMMA" value="1" />
    <option name="SELECT_NEW_LINE_AFTER_ALL_DISTINCT" value="true" />
    <option name="SELECT_KEEP_N_ITEMS_IN_LINE" value="0" />
    <option name="SELECT_USE_AS_WORD" value="2" />
    <option name="SELECT_ALIGN_AS" value="false" />
    <option name="FROM_EL_LINE" value="101" />
    <option name="FROM_EL_COMMA" value="1" />
    <option name="WHERE_EL_LINE" value="101" />
    <option name="ORDER_EL_LINE" value="101" />
    <option name="ORDER_EL_WRAP" value="1" />
    <option name="ORDER_EL_COMMA" value="1" />
    <option name="TABLE_CONTENT" value="3" />
    <option name="TABLE_NULLABILITIES_ALIGN" value="false" />
    <option name="CONSTRAINT_WRAP_2" value="true" />
    <option name="CONSTRAINT_WRAP_3" value="true" />
    <option name="CONSTRAINT_WRAP_4" value="true" />
    <option name="POST_OPT_WRAP_1" value="true" />
    <option name="VIEW_WRAP_AS" value="true" />
    <option name="VIEW_INDENT_QUERY" value="true" />
    <option name="ROUTINE_ARG_CONTENT" value="3" />
    <option name="ROUTINE_ARG_WRAP" value="1" />
    <option name="ROUTINE_ARG_SPACE_WITHIN_PARENTHESES" value="true" />
    <option name="ROUTINE_AS_WRAP" value="true" />
    <option name="IMP_COMMON_WRAP_EVERY_STATEMENT" value="true" />
    <option name="IMP_COMMON_KEEP_BLANK_LINES_IN_CODE" value="1" />
    <option name="IMP_DECLARE_EL_WRAP" value="1" />
    <option name="IMP_DECLARE_ALIGN_EQ" value="false" />
    <option name="IMP_IF_THEN_COLLAPSE" value="false" />
    <option name="IMP_LOOP_LOOP_WRAP" value="false" />
    <option name="CORTEGE_COMMA_1ST" value="true" />
    <option name="EXPR_CALL_SPACE_INSIDE_PARENTHESES" value="true" />
    <option name="EXPR_CALL_SPACE_BEFORE_COMMA" value="true" />
    <option name="EXPR_CASE_END" value="1" />
    <option name="EXPR_CASE_COLLAPSE" value="false" />
    <option name="INDEX_NAME_TEMPLATE" value="{schema}_{table}_{columns}_{unique?u:}index" />
    <option name="PRIMARY_KEY_NAME_TEMPLATE" value="{schema}_{table}_pk" />
    <option name="FOREIGN_KEY_NAME_TEMPLATE" value="{schema}_{table}_{ref_table}_{ref_columns}_fk" />
  </SybaseCodeStyleSettings>
  <XML>
    <option name="XML_LEGACY_SETTINGS_IMPORTED" value="true" />
  </XML>
  <codeStyleSettings language="DB2">
    <option name="KEEP_LINE_BREAKS" value="false" />
    <option name="KEEP_FIRST_COLUMN_COMMENT" value="false" />
    <indentOptions>
      <option name="KEEP_INDENTS_ON_EMPTY_LINES" value="true" />
    </indentOptions>
  </codeStyleSettings>
  <codeStyleSettings language="Derby">
    <option name="KEEP_LINE_BREAKS" value="false" />
    <option name="KEEP_FIRST_COLUMN_COMMENT" value="false" />
    <indentOptions>
      <option name="KEEP_INDENTS_ON_EMPTY_LINES" value="true" />
    </indentOptions>
  </codeStyleSettings>
  <codeStyleSettings language="H2">
    <option name="KEEP_LINE_BREAKS" value="false" />
    <option name="KEEP_FIRST_COLUMN_COMMENT" value="false" />
    <indentOptions>
      <option name="KEEP_INDENTS_ON_EMPTY_LINES" value="true" />
    </indentOptions>
  </codeStyleSettings>
  <codeStyleSettings language="HSQLDB">
    <option name="KEEP_LINE_BREAKS" value="false" />
    <option name="KEEP_FIRST_COLUMN_COMMENT" value="false" />
    <indentOptions>
      <option name="KEEP_INDENTS_ON_EMPTY_LINES" value="true" />
    </indentOptions>
  </codeStyleSettings>
  <codeStyleSettings language="JSON">
    <option name="KEEP_BLANK_LINES_IN_CODE" value="1" />
  </codeStyleSettings>
  <codeStyleSettings language="JavaScript">
    <option name="KEEP_BLANK_LINES_IN_CODE" value="1" />
    <option name="BRACE_STYLE" value="2" />
    <option name="METHOD_BRACE_STYLE" value="2" />
  </codeStyleSettings>
  <codeStyleSettings language="MySQL">
    <option name="KEEP_LINE_BREAKS" value="false" />
    <option name="KEEP_FIRST_COLUMN_COMMENT" value="false" />
    <indentOptions>
      <option name="KEEP_INDENTS_ON_EMPTY_LINES" value="true" />
    </indentOptions>
  </codeStyleSettings>
  <codeStyleSettings language="Oracle">
    <option name="KEEP_LINE_BREAKS" value="false" />
    <option name="KEEP_FIRST_COLUMN_COMMENT" value="false" />
    <indentOptions>
      <option name="KEEP_INDENTS_ON_EMPTY_LINES" value="true" />
    </indentOptions>
  </codeStyleSettings>
  <codeStyleSettings language="PHP">
    <option name="KEEP_BLANK_LINES_IN_DECLARATIONS" value="1" />
    <option name="KEEP_BLANK_LINES_IN_CODE" value="1" />
    <option name="KEEP_BLANK_LINES_BEFORE_RBRACE" value="1" />
    <option name="BLANK_LINES_AFTER_PACKAGE" value="1" />
    <option name="BLANK_LINES_AFTER_CLASS_HEADER" value="1" />
    <option name="ELSE_ON_NEW_LINE" value="true" />
    <option name="SPECIAL_ELSE_IF_TREATMENT" value="true" />
    <arrangement>
      <groups />
      <rules />
    </arrangement>
  </codeStyleSettings>
  <codeStyleSettings language="PostgreSQL">
    <option name="KEEP_LINE_BREAKS" value="false" />
    <option name="KEEP_FIRST_COLUMN_COMMENT" value="false" />
    <indentOptions>
      <option name="KEEP_INDENTS_ON_EMPTY_LINES" value="true" />
    </indentOptions>
  </codeStyleSettings>
  <codeStyleSettings language="SQL">
    <option name="KEEP_FIRST_COLUMN_COMMENT" value="false" />
    <indentOptions>
      <option name="KEEP_INDENTS_ON_EMPTY_LINES" value="true" />
    </indentOptions>
  </codeStyleSettings>
  <codeStyleSettings language="SQLite">
    <option name="KEEP_LINE_BREAKS" value="false" />
    <option name="KEEP_FIRST_COLUMN_COMMENT" value="false" />
    <indentOptions>
      <option name="KEEP_INDENTS_ON_EMPTY_LINES" value="true" />
    </indentOptions>
  </codeStyleSettings>
  <codeStyleSettings language="Sybase">
    <option name="KEEP_LINE_BREAKS" value="false" />
    <option name="KEEP_FIRST_COLUMN_COMMENT" value="false" />
    <indentOptions>
      <option name="KEEP_INDENTS_ON_EMPTY_LINES" value="true" />
    </indentOptions>
  </codeStyleSettings>
  <codeStyleSettings language="TSQL">
    <option name="KEEP_LINE_BREAKS" value="false" />
    <option name="KEEP_FIRST_COLUMN_COMMENT" value="false" />
    <indentOptions>
      <option name="KEEP_INDENTS_ON_EMPTY_LINES" value="true" />
    </indentOptions>
  </codeStyleSettings>
</code_scheme>