<application>
  <component name="DiffManager">
    <enableFiles value="true" />
    <filesTool value="C:\Program Files (x86)\WinMerge\WinMergeU.exe" newValue="C:\Program Files (x86)\WinMerge\WinMergeU.exe" />
    <mergeToolParameters value="%1 %2 %3 %4" />
  </component>
  <component name="DiffSettings">
    <option name="PLACES_MAP">
      <entry key="Default">
        <PlaceSettings>
          <option name="DIFF_TOOLS_ORDER">
            <list>
              <option value="org.jetbrains.idea.svn.difftool.properties.SvnPropertiesDiffTool" />
              <option value="org.jetbrains.idea.svn.difftool.SvnPhantomChangeDiffRequestProvider.SvnPhantomDiffTool" />
              <option value="org.jetbrains.idea.svn.difftool.SvnTreeConflictDiffRequestProvider.SvnTreeConflictDiffTool" />
              <option value="com.intellij.database.diff.TableDiffTool" />
              <option value="com.intellij.diff.tools.simple.SimpleDiffTool" />
              <option value="com.intellij.diff.tools.fragmented.UnifiedDiffTool" />
              <option value="com.intellij.diff.tools.binary.BinaryDiffTool" />
              <option value="com.intellij.diff.tools.dir.DirDiffTool" />
            </list>
          </option>
        </PlaceSettings>
      </entry>
      <entry key="DirDiff">
        <PlaceSettings>
          <option name="DIFF_TOOLS_ORDER">
            <list>
              <option value="org.jetbrains.idea.svn.difftool.properties.SvnPropertiesDiffTool" />
              <option value="org.jetbrains.idea.svn.difftool.SvnPhantomChangeDiffRequestProvider.SvnPhantomDiffTool" />
              <option value="org.jetbrains.idea.svn.difftool.SvnTreeConflictDiffRequestProvider.SvnTreeConflictDiffTool" />
              <option value="com.intellij.database.diff.TableDiffTool" />
              <option value="com.intellij.diff.tools.simple.SimpleDiffTool" />
              <option value="com.intellij.diff.tools.fragmented.UnifiedDiffTool" />
              <option value="com.intellij.diff.tools.binary.BinaryDiffTool" />
              <option value="com.intellij.diff.tools.dir.DirDiffTool" />
            </list>
          </option>
        </PlaceSettings>
      </entry>
    </option>
  </component>
  <component name="ExternalDiffSettings">
    <option name="DIFF_ENABLED" value="false" />
    <option name="DIFF_DEFAULT" value="true" />
    <option name="DIFF_EXE_PATH" value="C:\Program Files (x86)\WinMerge\WinMergeU.exe" />
    <option name="DIFF_PARAMETERS" value="%1 %2 " />
    <option name="MERGE_ENABLED" value="false" />
    <option name="MERGE_EXE_PATH" value="" />
    <option name="MERGE_PARAMETERS" value="%1 %2 %3 %4" />
    <option name="MERGE_TRUST_EXIT_CODE" value="true" />
  </component>
  <component name="TextDiffSettings">
    <option name="PLACES_MAP">
      <entry key="Default">
        <PlaceSettings>
          <option name="HIGHLIGHT_POLICY" value="BY_LINE" />
          <option name="IGNORE_POLICY" value="IGNORE_WHITESPACES_CHUNKS" />
        </PlaceSettings>
      </entry>
      <entry key="DirDiff">
        <PlaceSettings>
          <option name="HIGHLIGHTING_LEVEL" value="ADVANCED" />
          <option name="HIGHLIGHT_POLICY" value="BY_WORD_SPLIT" />
          <option name="IGNORE_POLICY" value="IGNORE_WHITESPACES_CHUNKS" />
        </PlaceSettings>
      </entry>
    </option>
    <option name="SHARED_SETTINGS">
      <SharedSettings>
        <option name="CONTEXT_RANGE" value="2" />
      </SharedSettings>
    </option>
  </component>
</application>