<application>
  <component name="CodeFoldingSettings">
    <option name="COLLAPSE_DOC_COMMENTS" value="true" />
    <option name="COLLAPSE_CUSTOM_FOLDING_REGIONS" value="true" />
  </component>
  <component name="CodeInsightSettings">
    <option name="completionCaseSensitive" value="2" />
    <option name="SHOW_PARAMETER_NAME_HINTS_ON_COMPLETION" value="true" />
    <option name="PARAMETER_INFO_DELAY" value="500" />
    <option name="AUTO_POPUP_JAVADOC_INFO" value="true" />
    <option name="JAVADOC_INFO_DELAY" value="1500" />
    <option name="COMPLETION_CASE_SENSITIVE" value="2" />
    <option name="SHOW_FULL_SIGNATURES_IN_PARAMETER_INFO" value="true" />
    <option name="REFORMAT_ON_PASTE" value="1" />
    <option name="HIGHLIGHT_SCOPE" value="true" />
  </component>
  <component name="DaemonCodeAnalyzerSettings">
    <option name="ERROR_STRIPE_MARK_MIN_HEIGHT" value="3" />
    <option name="NEXT_ERROR_ACTION_GOES_TO_ERRORS_FIRST" value="false" />
    <option name="SHOW_METHOD_SEPARATORS" value="true" />
  </component>
  <component name="DefaultFont">
    <option name="FONT_SIZE" value="15" />
  </component>
  <component name="EditorSettings">
    <option name="languageBreadcrumbsMap">
      <map>
        <entry key="HTML" value="true" />
        <entry key="JSON" value="true" />
        <entry key="XHTML" value="true" />
        <entry key="XML" value="true" />
      </map>
    </option>
    <option name="USE_SOFT_WRAPS" value="MAIN_EDITOR" />
    <option name="USE_CUSTOM_SOFT_WRAP_INDENT" value="true" />
    <option name="CUSTOM_SOFT_WRAP_INDENT" value="10" />
    <option name="STRIP_TRAILING_SPACES" value="Whole" />
    <option name="IS_ENSURE_NEWLINE_AT_EOF" value="true" />
    <option name="SHOW_BREADCRUMBS_ABOVE" value="true" />
    <option name="IS_WHEEL_FONTCHANGE_ENABLED" value="true" />
    <option name="IS_MOUSE_CLICK_SELECTION_HONORS_CAMEL_WORDS" value="false" />
  </component>
  <component name="SqlEditorOptions">
    <option name="aliasQualification" value="Always" />
    <option name="namespaceQualification" value="Always" />
  </component>
  <component name="TodoConfiguration">
    <pattern pattern="\btodo\b.*" />
    <filter name="todo">
      <pattern index="0" />
    </filter>
  </component>
  <component name="XmlEditorOptions">
    <option name="showCssInlineColorPreview" value="true" />
  </component>
</application>