<application>
  <component name="NotificationConfiguration">
    <notification groupId=".ignore plugin" displayType="NONE" shouldLog="false" />
    <notification groupId=".ignore plugin update information" displayType="STICKY_BALLOON" shouldLog="false" />
    <notification groupId="Automatic indent detection" displayType="NONE" />
    <notification groupId="Docker: Dockerfile detection" displayType="NONE" shouldLog="false" />
    <notification groupId="IDE and Plugin Updates" displayType="NONE" shouldLog="false" />
    <notification groupId="IGNORE_GROUP" displayType="NONE" shouldLog="false" />
    <notification groupId="Plugins Suggestion" displayType="NONE" shouldLog="false" />
  </component>
</application>