<application>
  <component name="UISettings">
    <option name="ACTIVATE_MRU_EDITOR_ON_CLOSE" value="true" />
    <option name="CLOSE_NON_MODIFIED_FILES_FIRST" value="true" />
    <option name="CONSOLE_COMMAND_HISTORY_LIMIT" value="999" />
    <option name="DISABLE_MNEMONICS" value="true" />
    <option name="DISABLE_MNEMONICS_IN_CONTROLS" value="true" />
    <option name="EDITOR_TAB_LIMIT" value="20" />
    <option name="HIDE_TOOL_STRIPES" value="true" />
    <option name="LEFT_HORIZONTAL_SPLIT" value="true" />
    <option name="MARK_MODIFIED_TABS_WITH_ASTERISK" value="true" />
    <option name="MAX_LOOKUP_LIST_HEIGHT" value="10" />
    <option name="OVERRIDE_NONIDEA_LAF_FONTS" value="true" />
    <option name="RIGHT_HORIZONTAL_SPLIT" value="true" />
    <option name="SCROLL_TAB_LAYOUT_IN_EDITOR" value="false" />
    <option name="SHOW_MAIN_TOOLBAR" value="true" />
    <option name="USE_SMALL_LABELS_ON_TABS" value="true" />
    <option name="WIDESCREEN_SUPPORT" value="true" />
  </component>
</application>